"UC Code","Faculty","Course Type","Course Status","Course Title","Points","Level","Accreditation","Course Coordinator","FLD Code","Programme(s)","CMS Entry","Course Outline","Elective","First Run","Dom Fees - 2026","Int Fees - 2026","SAC Funding"
"EDDE401","Education","Credited Short Course","Live","Learning Design Principles","10","8","Accredited",,"E2204","[]","https://curriculum.canterbury.ac.nz/cms/design/course/10228/view","/:b:/r/sites/w-Educationonlinequals/Shared%20Documents/General/Course%20Outline/EDDE401%20Learning%20Design%20Principles%20Course%20Outline.pdf?csf=1&web=1&e=U5bkvZ","[]","2022C4","$766.00","$3,183.00","False"
"SCOL201","Science","Credited Short Course","Live","Nutrition and Wellbeing","5","6","Special Topic","Julia Rucklidge","S2202","[]","https://curriculum.canterbury.ac.nz/cms/design/course/8305/view","/:b:/r/sites/w-Scienceonlinequals/Shared%20Documents/General/Course%20Outline/S2202%20Nutrition%20and%20Wellbeing%20Course%20Outline.pdf?csf=1&web=1&e=E2VLi0","[]","2022C4","$316.00","$1,421.00","True"
"SOWK212","Health","Distance","Live","Family Violence","15","6","Accredited",,"H2414","[]","https://curriculum.canterbury.ac.nz/cms/design/course/8488/view",,"[]",,,,"False"
"TRNS025","None","Non-Credited Course","Live","Academic Writing Basics","0","4","Not accredited",,"X2203","[]",,"/:b:/r/sites/w-Shortcoursedevt/Shared%20Documents/General/Course%20Outline/X2203%20Academic%20Writing%20Basics%20Course%20Outline.pdf?csf=1&web=1&e=xDTpqe","[]","2022C4","$129.00","$267.00","False"
"EDDE404","Education","Credited Short Course","Live","Mentoring Teachers","5","8","Accredited",,"E2201","[]","https://curriculum.canterbury.ac.nz/cms/design/course/10226/view","/:b:/r/sites/w-Educationonlinequals/Shared%20Documents/General/Course%20Outline/EDDE404%20Mentoring%20Teachers%20-%20Course%20Information.pdf?csf=1&web=1&e=raOGnw","[]","2023C1","$383.00","$1,592.00","False"
,"None","Credited Short Course","Live","Project Management Fundamentals (WK)","2.5","5",,,"B2202","[]",,"/:b:/r/sites/w-Shortcoursedevt/Shared%20Documents/General/Course%20Outline/Project%20Management%20Fundamentals%20-%20Course%20information.pdf?csf=1&web=1&e=3sAYvf","[]","2023C1",,,"False"
"CRJU101","Law","Degree Course","Live","Introduction to Criminal Justice","15","5","Accredited","Jayson Ware","L2301","CertCJ","https://curriculum.canterbury.ac.nz/cms/design/course/2027/view","/:b:/r/sites/w-Lawonlinequals/Shared%20Documents/General/Course%20Outline/CRJU101%20Introduction%20to%20Criminal%20Justice%20-%20Course%20Information.pdf?csf=1&web=1&e=JDpIcY","[]","2023C4","$948.00","$4,263.00","False"
"SCOL101","Health","Credited Short Course","Live","GIS for Mapping","5","5","Special Topic","Matt Hobbs","H2301","[]","https://curriculum.canterbury.ac.nz/cms/design/course/8304/view","/:b:/r/sites/MHealthSciNursing/Shared%20Documents/General/Course%20Outline/SCOL101%20GIS%20for%20Mapping%20Course%20Information.pdf?csf=1&web=1&e=eHJZOE","[]","2023C2","$316.00","$1,421.00","True"
"SCOL202","Science","Credited Short Course","Live","Psychology of Wellbeing","5","6","Special Topic",,"S2203","[]","https://curriculum.canterbury.ac.nz/cms/design/course/8306/view","/:b:/r/sites/w-Scienceonlinequals/Shared%20Documents/General/Course%20Outline/Psychology-of-Wellbeing-Course-Information.pdf?csf=1&web=1&e=wcpHs7","[]","2023C2","$316.00","$1,421.00","True"
"TRNS030","Arts","Non-Credited Course","Live","Ngā Herenga","0","5","Not accredited",,"A2304","[]","https://curriculum.canterbury.ac.nz/cms/design/course/9241/view","/:b:/r/sites/w-AAI/Shared%20Documents/General/Course%20Outline/TRNS030%20Ngā%20Herenga%20Course%20Outline.pdf?csf=1&web=1&e=Vszzj7","[]","2023C3","$295.00","$627.00","False"
,"None","Credited Short Course","Live","Project Management Application (WK)","2.5","6",,,"B2301","[]",,"/:b:/r/sites/w-Shortcoursedevt/Shared%20Documents/General/Course%20Outline/Project%20Management%20Application%20-%20Course%20information.pdf?csf=1&web=1&e=I3cSRA","[]","2023C2",,,"False"
"OPSY610","Science","Degree Course","Live","Key Topics in Organisational Psychology","15","8","Accredited",,"S2305","MOrgPsyc,PGCertOrgPsyc","https://curriculum.canterbury.ac.nz/cms/design/course/7434/view","/:b:/r/sites/w-Scienceonlinequals/Shared%20Documents/General/Course%20Outline/OPSY610%20Key%20topics%20in%20Organisational%20Psychology%20Course%20Information.pdf?csf=1&web=1&e=4oPNpf","[]","2023C4","$1,247.00","$5,663.00","False"
"DATA401","Science","Degree Course","Live","Introduction to Data Science","15","8","Accredited",,"S2314","MADS,PGDipADS","https://curriculum.canterbury.ac.nz/cms/design/course/2144/view","/:b:/r/sites/w-Scienceonlinequals/Shared%20Documents/General/Course%20Outline/DATA401%20Introduction%20to%20Data%20Science%20Course%20Information%20.pdf?csf=1&web=1&e=by9fiW","[]","2024C1","$1,206.00","$5,663.00","False"
"HLTH465","Health","Degree Course","Live","Professional Frameworks for Nursing Practice","30","8","Accredited",,"H2302","MHealSc","https://curriculum.canterbury.ac.nz/cms/design/course/5823/view","/:b:/r/sites/MHealthSciNursing/Shared%20Documents/General/Course%20Outline/HLTH465%20Professional%20Framework%20for%20nursing%20practice%20Course%20Information.pdf?csf=1&web=1&e=Lz4s6w","[]","2024C1","$2,676.00","$11,750.00","False"
"HLTH466","Health","Degree Course","Live","Health Assessment, Physiology and Pharmacology","30","8","Accredited",,"H2303","MHealSc","https://curriculum.canterbury.ac.nz/cms/design/course/5824/view","/:b:/r/sites/MHealthSciNursing/Shared%20Documents/General/Course%20Outline/HLTH466%20Health%20Assessment,%20Physiology%20and%20Pharmacology%20for%20Clinical%20Practice%20-%20Course%20Information.pdf?csf=1&web=1&e=30Oht3","[]","2024C1","$2,676.00","$11,750.00","False"
"MAOR108","Arts","Degree Course","Live","Te Patu a Maui: The Treaty of Waitangi","15","5","Accredited",,"A2301","CertCJ","https://curriculum.canterbury.ac.nz/cms/design/course/6453/view","/:b:/r/sites/w-AAI/Shared%20Documents/General/Course%20Outline/MAOR108%20The%20Treaty%20of%20Waitange%20Course%20Outline.pdf?csf=1&web=1&e=5eziO6","[]","2024C1","$948.00","$4,263.00","False"
"MBAD615","Business","Degree Course","Live","Leading Ourselves","10","8","Accredited","Ellie Norris","B2306","PGCertStratLdrship,MEM,PGDipEM","https://curriculum.canterbury.ac.nz/cms/design/course/6685/view","/:b:/r/sites/w-DigiMktg/Shared%20Documents/General/Course%20Outline/MBAD615%20Leading%20Ourselves%20Course%20Outline.pdf?csf=1&web=1&e=jKabBs","MSFI,PGDipSFI","2024C1","$798.00","$3,490.00","False"
"OPSY619","Science","Degree Course","Live","Psychology of Stress, Health and Wellbeing","15","8","Accredited",,"S2304","MOrgPsyc,PGCertOrgPsyc","https://curriculum.canterbury.ac.nz/cms/design/course/7439/view","/:b:/r/sites/w-Scienceonlinequals/Shared%20Documents/General/Course%20Outline/OPSY619%20Psychology%20of%20stress,%20health%20and%20wellbeing%20Course%20Information.pdf?csf=1&web=1&e=rI6nea","[]","2024C1","$1,247.00","$5,663.00","False"
"PRFD110","Business","Non-Credited Course","Live","Professional Project Management","0","6","Not accredited","Sean Whitaker","B2304","[]","https://curriculum.canterbury.ac.nz/cms/design/course/9404/view","/:b:/r/sites/w-DigiMktg/Shared%20Documents/General/Course%20Outline/PRFD110%20Professional%20Project%20Management%20Course%20Information.pdf?csf=1&web=1&e=IRAqI9","[]","2024C1","$495.00","$1,029.00","False"
"SCOL203","Science","Credited Short Course","Live","Lifestyle and Wellbeing","5","6","Accredited","Julia Rucklidge","S2204","[]","https://curriculum.canterbury.ac.nz/cms/design/course/8307/view","/:b:/r/sites/w-Scienceonlinequals/Shared%20Documents/General/Course%20Outline/Lifestyle-and-Wellbeing-Course-Information.pdf?csf=1&web=1&e=lWU6hK","[]","2024C1","$316.00","$1,421.00","True"
"CRJU120","Law","Degree Course","Live","Understanding Human Behaviour in Criminal Justice","15","5","Pending",,"L2305","CertCJ","https://curriculum.canterbury.ac.nz/cms/design/course/2028/view","/:b:/r/sites/w-Lawonlinequals/Shared%20Documents/General/Course%20Outline/CRJU120%20UCO%20Course%20Information.pdf?csf=1&web=1&e=SQ0bBJ","[]","2024C2","$948.00","$4,263.00","False"
"MBAD642","Business","Degree Course","Live","Leading Teams","10","8","Accredited","Ellie Norris","B2307","PGCertStratLdrship","https://curriculum.canterbury.ac.nz/cms/design/course/6690/view","/:b:/r/sites/w-DigiMktg/Shared%20Documents/General/Course%20Outline/MBAD642%20Leading%20Teams%20Course%20Information.pdf?csf=1&web=1&e=RTMglw","[]","2024C2","$798.00","$3,490.00","False"
"MBUS655","Business","Degree Course","Discontinued","Project Management Fundamentals (PG)","5","8","Special Topic",,"B2311","MADS,PGDipADS","https://curriculum.canterbury.ac.nz/cms/design/course/6807/view","/:b:/r/sites/w-DigiMktg/Shared%20Documents/General/Course%20Outline/MBUS655%20Project%20Management%20Fundamentals%20-%20Course%20Information.pdf?csf=1&web=1&e=mu7fDh","[]","2024C2",,,"False"
"OPSY621","Science","Degree Course","Live","Recruitment and Selection","15","8","Accredited",,"S2302","MOrgPsyc,PGCertOrgPsyc","https://curriculum.canterbury.ac.nz/cms/design/course/7441/view",,"[]","2024C2","$1,247.00","$5,663.00","False"
"PHIL139","Law","Degree Course","Live","Ethics, Politics and Justice","15","5","Accredited",,"L2304","CertCJ","https://curriculum.canterbury.ac.nz/cms/design/course/7559/view","/:b:/r/sites/w-Lawonlinequals/Shared%20Documents/General/Course%20Outline/PHIL139%20UCO%20Course%20Information.pdf?csf=1&web=1&e=oFYFNG","[]","2024C2","$948.00","$4,263.00","False"
"PHIL426","Arts","Degree Course","Live","Data Ethics","10","8","Accredited",,"A2303","MADS,PGDipADS","https://curriculum.canterbury.ac.nz/cms/design/course/7616/view","/:b:/r/sites/w-AAI/Shared%20Documents/General/Course%20Outline/PHIL426%20Data%20Ethics%20Course%20Outline.pdf?csf=1&web=1&e=JO4NuE","[]","2024C2","$766.00","$3,182.00","True"
"COSC480","Engineering","Degree Course","Live","Computer Programming","15","8","Accredited","Walter Guttmann","G2303","MADS,PGDipADS","https://curriculum.canterbury.ac.nz/cms/design/course/2000/view","/:b:/r/sites/w-EngMgmt/Shared%20Documents/General/Course%20Outline/COSC480%20Computer%20Programming%20-%20Course%20Information.pdf?csf=1&web=1&e=oE6u3n","MEM,PGDipEM","2024C3","$1,247.00","$5,663.00","False"
"EDDE402","Education","Credited Short Course","Inactive","Learning Design and Development","10","8","Accredited",,"E2202","[]","https://curriculum.canterbury.ac.nz/cms/design/course/10227/view",,"[]","2023C2","$766.00","$3,183.00","False"
"HLTH467","Health","Degree Course","Live","Mental Health and Addictions","30","8","Accredited",,"H2304","MHealSc","https://curriculum.canterbury.ac.nz/cms/design/course/5825/view","/:b:/r/sites/MHealthSciNursing/Shared%20Documents/General/Course%20Outline/HLTH467%20Mental%20Health%20and%20Addiction%20Course%20Information.pdf?csf=1&web=1&e=iMZtcw","[]","2024C3","$2,676.00","$11,750.00","False"
"HLTH468","Health","Degree Course","Live","Acute and Long Term Health Care","30","8","Accredited",,"H2305","MHealSc","https://curriculum.canterbury.ac.nz/cms/design/course/10964/view","/:b:/r/sites/MHealthSciNursing/Shared%20Documents/General/Course%20Outline/HLTH468%20Acute%20and%20Long-term%20Care%20-%20Course%20Information.pdf?csf=1&web=1&e=LtRbfw","[]","2024C3","$2,676.00","$11,750.00","False"
"MBAD605","Business","Degree Course","Live","Leading People and Performance","10","8","Accredited","Ellie Norris","B2310","PGCertStratLdrship","https://curriculum.canterbury.ac.nz/cms/design/course/6681/view","/:b:/r/sites/w-DigiMktg/Shared%20Documents/General/Course%20Outline/MBAD605%20Leading%20People%20and%20Performance%20-%20Course%20Information.pdf?csf=1&web=1&e=OVgVEA","[]","2024C3","$798.00","$3,490.00","False"
"OPSY613","Science","Degree Course","Live","Training and Development","15","8","Accredited",,"S2301","MOrgPsyc","https://curriculum.canterbury.ac.nz/cms/design/course/7436/view","/:b:/r/sites/w-Scienceonlinequals/Shared%20Documents/General/Course%20Outline/OPSY613%20Training%20and%20Development%20Course%20Outline.pdf?csf=1&web=1&e=3FeQXJ","[]","2024C3","$1,247.00","$5,663.00","False"
"PRFD120","Law","Non-Credited Course","Live","Law and Disaster Risk Reduction: An Introduction to Disaster Law","0","5","Not accredited",,"L2303","[]",,"/:b:/r/sites/w-Lawonlinequals/Shared%20Documents/General/Course%20Outline/PRFD120%20Disaster%20Law%20Course%20Information.pdf?csf=1&web=1&e=hM9RbR","[]","2024C4","$281.00","$563.00","False"
"EMGT610","Engineering","Degree Course","Live","Engineering Project Management","20","8","Accredited",,"G2409","MEM","https://curriculum.canterbury.ac.nz/cms/design/course/10516/view","/:b:/r/sites/w-EngMgmt/Shared%20Documents/General/Course%20Outline/EMGT610%20Course%20Outline.pdf?csf=1&web=1&e=lacAn4","[]","2024C4","$1,793.00","$8,652.00","False"
"MBAD631","Business","Degree Course","Live","Leading Business Strategy","10","8","Accredited","Ellie Norris","B2308","PGCertStratLdrship","https://curriculum.canterbury.ac.nz/cms/design/course/6687/view","/:b:/r/sites/w-DigiMktg/Shared%20Documents/General/Course%20Outline/MBAD631%20UCO%20Course%20Information.pdf?csf=1&web=1&e=S7U8wZ","[]","2024C4","$798.00","$3,490.00","False"
"OPSY612","Science","Degree Course","Live","Performance Management and Appraisal","15","8","Accredited",,"S2309","MOrgPsyc,PGCertOrgPsyc","https://curriculum.canterbury.ac.nz/cms/design/course/7435/view","/:b:/r/sites/w-Scienceonlinequals/Shared%20Documents/General/Course%20Outline/OPSY612%20Performance%20management%20and%20appraisalCourse%20information.pdf?csf=1&web=1&e=7IMEBG","[]","2024C4","$1,247.00","$5,663.00","False"
,"Engineering","Credited Short Course","Inactive","Powering your PCB","5",,"Not accredited",,,"[]",,,"[]",,,,"False"
,"Engineering","Credited Short Course","Inactive","Advanced Research Project","5",,"Not accredited",,,"[]",,,"[]",,,,"False"
,"Engineering","Credited Short Course","Inactive","Structural Fire Design","5",,"Not accredited",,,"[]",,,"[]",,,,"False"
"DATA420","Science","Degree Course","Live","Scalable Data Science","15","8","Accredited",,"S2401","MADS,PGDipADS","https://curriculum.canterbury.ac.nz/cms/design/course/2149/view","/:b:/r/sites/w-Scienceonlinequals/Shared%20Documents/General/Course%20Outline/DATA420%20Scalable%20Data%20Science%20Course%20information.pdf?csf=1&web=1&e=4CKONv","MEM,PGDipEM","2025C1","$1,247.00","$5,663.00","False"
"EDDE403","Education","Credited Short Course","Live","Learning Design with Artificial Intelligence","10","8","Accredited",,"E2301","[]","https://curriculum.canterbury.ac.nz/cms/design/course/10225/view","/:b:/r/sites/w-Educationonlinequals/Shared%20Documents/General/Course%20Outline/EDDE403%20Learning%20Design%20with%20AI%20Course%20Outline.pdf?csf=1&web=1&e=rHFIOE","[]","2025C1","$766.00","$3,183.00","True"
"EMGT605","Engineering","Degree Course","Live","Sustainability Systems in Engineering","15","8","Accredited",,"G2301","MEM","https://curriculum.canterbury.ac.nz/cms/design/course/10515/view","/:b:/r/sites/w-EngMgmt/Shared%20Documents/General/Course%20Outline/EMGT605%20Sustainability%20in%20Engineering%20-%20Course%20information.pdf?csf=1&web=1&e=xkh3eC","[]","2025C1","$1,344.00","$6,488.00","False"
"MKTG640","Business","Degree Course","Live","Digital Marketing","15","8","Accredited",,"B2403","PGCertDigiMktg,MMktg (Online-to-campus - 60pt)","https://curriculum.canterbury.ac.nz/cms/design/course/11554/view","/:b:/r/sites/w-DigiMktg/Shared%20Documents/General/Course%20Outline/MBUS626%20Digital%20marketing%20course%20information.pdf?csf=1&web=1&e=Uf4ILz","[]","2025C1","$1,198.00","$4,738.00","False"
"OPSY614","Science","Degree Course","Live","Leadership in Organisations","15","8","Accredited",,"S2308","MOrgPsyc","https://curriculum.canterbury.ac.nz/cms/design/course/7437/view","/:b:/r/sites/w-Scienceonlinequals/Shared%20Documents/General/Course%20Outline/OPSY614%20Leadership%20in%20organisations%20Course%20information.pdf?csf=1&web=1&e=u2idQI","[]","2025C1","$1,247.00","$5,663.00","False"
,"Education","Accelerated Learning","Live","AI Essentials for Educators","0",,"Not accredited",,"E2401","[]",,"/:b:/r/sites/w-Educationonlinequals/Shared%20Documents/General/Course%20Outline/AI%20Essentials%20for%20Educators%20Course%20Outline.pdf?csf=1&web=1&e=Ryigar","[]","2025C1A","$395.00","$821.00","False"
"COUN681","Health","Degree Course","Live","Solution-focused Theory and Skills with Individuals and Groups","30","8","Accredited",,"H2401","PGCertCounSt","https://curriculum.canterbury.ac.nz/cms/design/course/2019/view","/:b:/r/sites/p-Counsellingprogramme/Shared%20Documents/General/Course%20Outlines/COUN681%20-%20Course%20overview.pdf?csf=1&web=1&e=ZpuLYL","[]","2025S1","$2,492.00","$11,325.00","False"
"HLTH661","Health","Degree Course","Live","Advanced Pathophysiology","30","8","Accredited",,"H2403","PGDipNurs","https://curriculum.canterbury.ac.nz/cms/design/course/5850/view","/:b:/r/sites/MHealthSciNursing/Shared%20Documents/General/Course%20Outline/HLTH661%20Advanced%20Pathophysiology%20-%20Course%20information.pdf?csf=1&web=1&e=luirXK","PGDipCEP","2025S1","$2,492.00","$11,325.00","False"
"HLTH663","Health","Degree Course","Live","Advanced Pharmacology","30","8","Accredited",,"H2404","PGDipNurs","https://curriculum.canterbury.ac.nz/cms/design/course/5852/view","/:b:/r/sites/MHealthSciNursing/Shared%20Documents/General/Course%20Outline/HLTH663%20Advanced%20Pharmacology%20-%20Course%20information.pdf?csf=1&web=1&e=2miWSN","[]","2025S1","$2,492.00","$11,325.00","False"
"HLTH672","Health","Degree Course","Live","Whānau and Community Health","30","8","Accredited",,"H2306","MHealSc","https://curriculum.canterbury.ac.nz/cms/design/course/5855/view","/:b:/r/sites/MHealthSciNursing/Shared%20Documents/General/Course%20Outline/HLTH672%20UCO%20Course%20Information.pdf?csf=1&web=1&e=bafiHB","[]","2025S1","$2,492.00","$11,325.00","False"
"HLTH692","Health","Degree Course","Live","Evidence for Clinical Practice","30","8","Accredited",,"H2307","MHealSc","https://curriculum.canterbury.ac.nz/cms/design/course/5859/view","/:w:/r/sites/MHealthSciNursing/Shared%20Documents/General/Course%20Outline/HLTH692%20UCO%20Course%20Information.docx?d=we7ee2f69e1204715ab0f0b5d49dbeeb1&csf=1&web=1&e=Oj6bm7","PGDipCEP","2025S1","$2,494.00","$11,325.00","False"
"BSLA403","Education","Credited Short Course","Live","Class Teaching (Year 4-8) in BSLA Structured Literacy","10","8","Accredited","Amy Scott","E2503","BSLA","https://curriculum.canterbury.ac.nz/cms/design/course/9912/view",,"[]","2025C2","$1,150.00","$4,775.00","False"
"BSLA402","Education","Credited Short Course","Live"," Class Teaching (Year 0-3) in BSLA Structured Literacy","15","8","Accredited","Amy Scott","E2502","BSLA","https://curriculum.canterbury.ac.nz/cms/design/course/10141/view",,"[]","2025C2","$1,150.00","$4,775.00","False"
"BSLA401","Education","Credited Short Course","Live","Literacy Leadership in BSLA Structured Literacy","15","8","Accredited","Amy Scott","E2501","BSLA","https://curriculum.canterbury.ac.nz/cms/design/course/10138/view",,"[]","2025C2","$1,150.00","$4,775.00","False"
"EMGT602","Engineering","Degree Course","Live","Engineering Knowledge Management","15","8","Accredited",,"G2402","MEM","https://curriculum.canterbury.ac.nz/cms/design/course/10513/view","/:b:/r/sites/w-EngMgmt/Shared%20Documents/General/Course%20Outline/EMGT602%20Course%20Outline.pdf?csf=1&web=1&e=3Uj82m","[]","2025C2",,,"False"
"STAT462","Science","Degree Course","Live","Data Mining","15","8","Accredited",,"S2403","MADS,PGDipADS","https://curriculum.canterbury.ac.nz/cms/design/course/8817/view","/:b:/r/sites/w-Scienceonlinequals/Shared%20Documents/General/Course%20Outline/STAT462%20Data%20Mining%20Course%20Information.pdf?csf=1&web=1&e=eqgP5w","MEM,PGDipEM","2025C2","$1,206.00","$5,663.00","False"
,"None","Non-Credited Course","Live","Advanced Professional Project Management","0","6","Not accredited",,"B2407","[]",,"/:b:/r/sites/w-Shortcoursedevt/Shared%20Documents/General/Course%20Outline/Advance%20Professional%20Project%20Management%20Course%20Outline.pdf?csf=1&web=1&e=hEyOgU","[]","2025C2","$695.00","$1,444.00","False"
"MBAD617","Business","Degree Course","Live","Leading Complex Systems","10","8","Accredited","Ellie Norris","B2309","PGCertStratLdrship","https://curriculum.canterbury.ac.nz/cms/design/course/9437/view","/:b:/r/sites/w-DigiMktg/Shared%20Documents/General/Course%20Outline/MBAD617%20Leading%20Complex%20Systems%20Course%20Outline.pdf?csf=1&web=1&e=mMVFhS","[]","2025C2","$798.00","$3,157.00","False"
"OPSY618","Science","Degree Course","Live","Organisational Change: Directions for Org Psych Practice","15","8","Accredited",,"S2310","MOrgPsyc","https://curriculum.canterbury.ac.nz/cms/design/course/7438/view","/:b:/r/sites/w-Scienceonlinequals/Shared%20Documents/General/Course%20Outline/OPSY618%20Organisational%20Change%20Course%20Information.pdf?csf=1&web=1&e=O8pVeB","[]","2025C2","$1,247.00","$5,663.00","False"
,"None","Accelerated Learning","Live","Effective Communication for Work","0",,"Not accredited",,"B2409","[]",,"/:b:/r/sites/w-Shortcoursedevt/Shared%20Documents/General/Course%20Outline/Effective%20Communication%20at%20Work%20Course%20Outline.pdf?csf=1&web=1&e=UhSBIN","[]","2025C2A","$395.00","$821.00","False"
"Short course","None","Accelerated Learning","Not started","Finance for Managers","0",,"Not accredited",,"B2411","[]",,,"[]",,"$395.00","$821.00","False"
,"Education","Accelerated Learning","Live","Designing Authentic Assessment in the Age of AI","0",,"Not accredited",,"E2402","[]",,"/:b:/r/sites/w-Shortcoursedevt/Shared%20Documents/General/Course%20Outline/Effective%20Communication%20at%20Work%20Course%20Outline.pdf?csf=1&web=1&e=dE5fj4","[]","2025C2A","$395.00","$821.00","False"
,"None","Accelerated Learning","Live","Get Better at Generative AI","0",,"Not accredited",,"X2501","[]",,"/:b:/r/sites/w-Shortcoursedevt/Shared%20Documents/General/Course%20Outline/Get%20Better%20at%20Generative%20AI%20Course%20Outline.pdf?csf=1&web=1&e=OoYhyp","[]","2025C2A","$129.00","$267.00","False"
"LLAW321","Law","Distance","Inactive","Tikanga Māori | Māori Laws and Philosophy","15","5","Accredited",,"L2401","[]","https://curriculum.canterbury.ac.nz/cms/design/course/11211/view",,"[]",,,,"False"
"NURS664","Health","Degree Course","Live","RN Prescribing Practicum","30","8","Accredited",,"H2406","PGDipNurs","https://curriculum.canterbury.ac.nz/cms/design/course/7406/view","/:b:/r/sites/MHealthSciNursing/Shared%20Documents/General/Course%20Outline/NURS664%20RN%20Prescribing%20Practicum%20-%20Course%20information.pdf?csf=1&web=1&e=6UXQnQ","[]","2025C4","$2,494.00","$11,325.00","False"
"COUN671","Health","Degree Course","Live","Counselling and Psychology: Theories and Skills","30","8","Accredited",,"H2402","PGCertCounSt","https://curriculum.canterbury.ac.nz/cms/design/course/2010/view","/:b:/r/sites/MHealthSciNursing/Shared%20Documents/General/Course%20Outline/COUN671%20Counselling%20Course%20Information.pdf?csf=1&web=1&e=gzxTGB","[]","2025S2","$2,494.00","$11,325.00","False"
"HLTH662","Health","Degree Course","Live","Advanced Health Assessment","30","8","Accredited",,"H2405","PGDipNurs","https://curriculum.canterbury.ac.nz/cms/design/course/15419/view","/:b:/r/sites/MHealthSciNursing/Shared%20Documents/General/Course%20Outline/HLHT662%20Advanced%20Health%20Assessment%20-%20Course%20information.pdf?csf=1&web=1&e=iw5y0O","PGDipCEP","2025S2","$2,494.00","$11,325.00","False"
"HLTH673","Health","Degree Course","Live","Advanced Professional Practice","30","8","Accredited",,"H2407","MAdvNurs","https://curriculum.canterbury.ac.nz/cms/design/course/5856/view","/:w:/r/sites/MHealthSciNursing/Shared%20Documents/General/Course%20Outline/HLTH673%20UCO%20Course%20Information.docx?d=w0dba4d8b9c714eeab297142d9f46ad87&csf=1&web=1&e=uEbqny","[]","2025S2","$2,494.00","$11,325.00","False"
"HLTH699","Health","Degree Course","Live","Professional Portfolio; Nursing","60","8","Accredited",,"H2308","MHealSc","https://curriculum.canterbury.ac.nz/cms/design/course/10551/view","/:b:/r/sites/MHealthSciNursing/Shared%20Documents/General/Course%20Outline/HLTH699%20Professional%20Portfolio%20Course%20Information.pdf?csf=1&web=1&e=iJdwfS","[]","2025S2","$4,988.00","$22,650.00","False"
"SSCI411","Health","Degree Course","Live","Exercise Rehabilitation in Cardiac, Complex and Chronic Conditions","30","8","Accredited",,"H2411","PGCertCEP,PGDipCEP","https://curriculum.canterbury.ac.nz/cms/design/course/9410/view","/:b:/r/sites/MHealthSciNursing/Shared%20Documents/General/Course%20Outline/SSCI411%20Course%20Information.pdf?csf=1&web=1&e=Az7Bgb","[]","2025S2","$2,572.00","$11,325.00","False"
"MAOR165","Arts","Distance","Ready for launch","Tuakiri: Culture and Identity",,"5","Accredited","Madi Williams","A2509","[]","https://curriculum.canterbury.ac.nz/cms/design/course/6465/view",,"[]","2025C3",,,"False"
"BSLA404","Education","Credited Short Course","Live","Specialist Teaching in BSLA Structured Literacy","15","8","Special Topic",,"E2504","BSLA","https://curriculum.canterbury.ac.nz/cms/design/course/11638/view",,"[]","2025C3","$1,150.00","$4,775.00","False"
"EMGT611","Engineering","Credited Short Course","Live","Risk Management Essentials","5","8","Accredited","Daniel van der Walt","B2410","[]","https://curriculum.canterbury.ac.nz/cms/design/course/10149/view","/:b:/r/sites/w-EngMgmt/Shared%20Documents/General/Course%20Outline/EMGT611%20Risk%20Management%20Essentials%20Course%20Outline.pdf?csf=1&web=1&e=Jdnt0s","MEM,PGDipEM,MPM,PGDipPMgt,MSFI,PGDipSFI","2025C3","$448.00","$2,163.00","True"
"COSC448","Engineering","Degree Course","Live","Ethical Hacking","15","8","Accredited","Ke He","G2411","PGCertCySec","https://curriculum.canterbury.ac.nz/cms/design/course/10154/view","/:b:/r/sites/w-EngMgmt/Shared%20Documents/General/Course%20Outline/COSC448%20Ethical%20Hacking%20-%20Course%20information.pdf?csf=1&web=1&e=ipqY2n","MADS,PGDipADS","2025C3","$1,247.00","$5,663.00","False"
"DIGI405","Science","Degree Course","Live","Texts, Discourses and Data","15","8","Accredited","Christopher Thomson","A2305","MADS","https://curriculum.canterbury.ac.nz/cms/design/course/11100/view","/:b:/r/sites/AppliedDataScience/Shared%20Documents/General/Course%20Outline/DIGI405%20Course%20Outline.pdf?csf=1&web=1&e=GqeBRL","MEM,PGDipEM","2025C3","$1,150.00","$4,775.00","False"
"ACCT601","Business","Degree Course","Live","Accounting and Financial Information","15","8","Accredited",,"B2401","MEM","https://curriculum.canterbury.ac.nz/cms/design/course/10565/view","/:b:/r/sites/w-EngMgmt/Shared%20Documents/General/Course%20Outline/ACCT601%20Course%20Outline.pdf?csf=1&web=1&e=MEpBrS","[]","2025C3","$1,198.00","$4,738.00","False"
"OPSY620","Science","Degree Course","Live","Contemporary Issues in Org Psych","15","8","Accredited",,"S2311","MOrgPsyc","https://curriculum.canterbury.ac.nz/cms/design/course/11752/view","/:b:/r/sites/w-Scienceonlinequals/Shared%20Documents/General/Course%20Outline/OPSY620%20Contemporary%20Issues%20in%20Org%20Psych%20Course%20information.pdf?csf=1&web=1&e=GGQrNG","[]","2025C3","$1,247.00","$4,665.00","False"
"COMS430","Arts","Degree Course","Live","Building Influence","15","8","Accredited","Samara Anarbaeva","A2402","MStratCom","https://curriculum.canterbury.ac.nz/cms/design/course/9617/view","/:b:/r/sites/w-AAI/Shared%20Documents/General/Course%20Outline/COMS430%20Course%20Outline.pdf?csf=1&web=1&e=leQOQx","MSFI,PGDipSFI,PGCertSFI","2025C4","$1,150.00","$4,775.00","False"
"EMGT604","Engineering","Degree Course","Live","Management in Technical Organisations","15","8","Accredited",,"G2404","MEM","https://curriculum.canterbury.ac.nz/cms/design/course/10514/view","/:b:/r/sites/w-EngMgmt/Shared%20Documents/General/Course%20Outline/EMGT604%20Management%20in%20Technical%20Organisations%20-%20Course%20outline.pdf?csf=1&web=1&e=mKxF4n","[]","2025C4","$1,344.00","$6,488.00","False"
"Short course","None","Accelerated Learning","Ready for launch","Cultural Competence for Work","0","8","Not accredited",,"A2404","[]",,"/:b:/r/sites/w-Shortcoursedevt/Shared%20Documents/General/Course%20Outline/Cultural%20Competence%20for%20Work%20Course%20Outline.pdf?csf=1&web=1&e=M5ey4d","[]","2025C4A","$395.00","$821.00","False"
"STAT448","Science","Degree Course","Live","Big Data","15","8","Accredited",,"S2402","MADS","https://curriculum.canterbury.ac.nz/cms/design/course/8803/view","/:b:/r/sites/w-Scienceonlinequals/Shared%20Documents/General/Course%20Outline/STAT448%20Big%20Data%20-%20Course%20outline.pdf?csf=1&web=1&e=9ImvNu","MEM,PGDipEM","2025C4","$1,206.00","$5,663.00","False"
"EPEC601","Engineering","Credited Short Course","Live","Transition Principles","5","8","Accredited","Sharee McNab","G2416","MEM","https://curriculum.canterbury.ac.nz/cms/design/course/9630/view",,"MEM,PGDipEM","2025C4","$448.00","$1,421.00","True"
"Short course","None","Accelerated Learning","Ready for launch","Employment Law Essentials",,,"Not accredited",,"L2501","[]",,"/:b:/r/sites/w-Shortcoursedevt/Shared%20Documents/General/Course%20Outline/Employment%20LawEssentials%20Course%20Outline.pdf?csf=1&web=1&e=KcfaJI","[]","2026C1A","$395.00","$821.00","False"
"COMS431","Arts","Degree Course","Design & build","The Dynamics of Publics","15","8","Accredited",,"A2403","MStratCom","https://curriculum.canterbury.ac.nz/cms/design/course/9618/view","/:w:/r/sites/w-AAI/Shared%20Documents/COMS431%20The%20Dynamics%20of%20Publics/COMS431%20High%20Level%20Plan.docx?d=w08e8074eea1646168f8637af71780785&csf=1&web=1&e=lBOSOC","[]","2026C2","$1,150.00","$4,775.00","False"
"PMGT601","Engineering","Degree Course","Live","Professional Project Practice and Engaging Stakeholders","15","8","Pending",,"G2501","MPM,PGCertPMgt,PGDipPMgt","https://curriculum.canterbury.ac.nz/cms/design/course/10003/view","/:b:/r/sites/w-EngMgmt/Shared%20Documents/General/Course%20Outline/PMGT601%20UCO%20Course%20outline.pdf?csf=1&web=1&e=BMox1d","[]","2025C4","$1,198.00","$4,738.00","False"
"MBIS622","Engineering","Degree Course","Live","Information Security Management","15","8","Accredited","Richard Derham","G2412","PGCertCySec","https://curriculum.canterbury.ac.nz/cms/design/course/6771/view","/:b:/r/sites/w-DigiMktg/Shared%20Documents/General/Course%20Outline/MBIS622%20-%20General%20Information.pdf?csf=1&web=1&e=lPpOcP","[]","2025C4","$1,198.00","$4,738.00","False"
"OPSY622","Science","Degree Course","Live","Research Methods for Org Psych","15","8","Accredited",,"S2312","MOrgPsyc","https://curriculum.canterbury.ac.nz/cms/design/course/11889/view","/:b:/r/sites/w-Scienceonlinequals/Shared%20Documents/General/Course%20Outline/OPSY622%20UCO%20Course%20Information.pdf?csf=1&web=1&e=0oRXXr","[]","2025C4","$1,247.00","$5,663.00","False"
"Short course","None","Non-Credited Course","Design & build","Climate Change",,,"Not accredited",,"X2504","[]",,,"[]","2026C1",,,"False"
"BSLA405","Education","Credited Short Course","Staged Release","Effective Interventions in BSLA Structured Literacy","30","8","Special Topic",,"E2505","BSLA","https://curriculum.canterbury.ac.nz/cms/design/course/11406/view",,"[]","2025C4","$2,299.00","$9,550.00","False"
"PMGT451","Engineering","Degree Course","Scoping","Core Concepts in Project Management","5","8","Pending",,"G2508","MADS","https://curriculum.canterbury.ac.nz/cms/design/course/10792/view","/:w:/r/sites/w-ProjMgt/Shared%20Documents/PMGT351_451%20Core%20concepts%20in%20project%20management/PMGT451_Course_Outline.docx?d=w2be728e25d3548d1949c9993aafc3c9b&csf=1&web=1&e=B1JRTO","[]","2026C1","$400.00","$1,580.00","False"
"COMS432","Arts","Degree Course","Scoping","Building Impactful Campaigns","15","8","Accredited",,"A2501","MStratCom","https://curriculum.canterbury.ac.nz/cms/design/course/9619/view",,"[]","2026C3","$1,150.00","$4,775.00","False"
"CRJU602","Law","Degree Course","Not started","Criminal Justice Systems","30","8","Accredited",,"TBC","PGCertCJ","https://curriculum.canterbury.ac.nz/cms/design/course/2049/view",,"[]",,,,"False"
"DATA415","Science","Degree Course","Design & build","Computational Social Choice","15","8","Accredited",,"G2413","MADS","https://curriculum.canterbury.ac.nz/cms/design/course/2145/view",,"MEM,PGDipEM","2026C1","$1,150.00","$4,775.00","False"
"PMGT602","Engineering","Degree Course","Scoping","Advanced Project Planning","15","8","Pending",,"G2502","MPM,PGCertPMgt,PGDipPMgt","https://curriculum.canterbury.ac.nz/cms/design/course/10004/view","/:w:/r/sites/w-ProjMgt/Shared%20Documents/PMGT602%20Advanced%20Project%20Planning/Course%20documents/PMGT602_Course_Outline%20(1).docx?d=w1eedfc6f75f747e2a0200e78be750976&csf=1&web=1&e=qUgATb","[]","2026C2","$1,198.00","$4,738.00","False"
"NURS694","Health","Degree Course","Design & build","Nurse Practitioner Practicum","60","8","Accredited",,"H2410","MAdvNurs","https://curriculum.canterbury.ac.nz/cms/design/course/7407/view",,"[]","2026S1","$4,988.00","$22,650.00","False"
"OPSY630","Science","Degree Course","Design & build","Research Project","45","8","Accredited",,"S2313","MOrgPsyc","https://curriculum.canterbury.ac.nz/cms/design/course/7443/view",,"[]","2026C1","$3,516.00","$16,988.00","False"
"SOWK611","Health","Degree Course","Not started","Mental Health","15","8","Accredited",,,"MSW (APP)/BSW(Hons)","https://curriculum.canterbury.ac.nz/cms/design/course/8555/view",,"[]","2026C3",,,"False"
"SSCI410","Health","Degree Course","Design & build","Musculoskeletal Rehabilitation","30","8","Accredited",,"H2412","PGCertCEP,PGDipCEP","https://curriculum.canterbury.ac.nz/cms/design/course/9406/view",,"[]","2026S1","$2,572.00","$11,325.00","False"
"PMGT607","Engineering","Degree Course","Design & build","Project Procurement, Negotiation and Contract Management","15","8","Pending",,"G2506","MEM,MPM,PGDipPMgt","https://curriculum.canterbury.ac.nz/cms/design/course/10009/view","/:u:/r/sites/w-ProjMgt/Shared%20Documents/PMGT607%20Proj%20Procurement,%20Negotiation%20and%20Contract/Course%20documents/PMGT607_Course_Outline.docx.url?csf=1&web=1&e=zjnBGY","[]","2026C1","$1,198.00","$4,738.00","False"
"EPEC602","Engineering","Credited Short Course","Inactive","Transition Pathways","5","8","Accredited",,"G2509","MEM","https://curriculum.canterbury.ac.nz/cms/design/course/9631/view",,"MEM,PGDipEM","2026C1","$448.00","$1,421.00","True"
"DATA601","Science","Degree Course","Design & build","Applied Data Science Project","45","8","Accredited",,"G2415","MADS","https://curriculum.canterbury.ac.nz/cms/design/course/2166/view",,"[]","2026C2","$3,499.00","$14,325.00","False"
"COMS433","Arts","Degree Course","Scoping","Campaign Success","15","8","Accredited",,"A2502","MStratCom","https://curriculum.canterbury.ac.nz/cms/design/course/9620/view",,"[]","2026C4","$1,150.00","$4,775.00","False"
"EMGT606","Engineering","Degree Course","Start soon","Technology Development, Application and Transfer","15","8","Accredited",,"G2405","MEM","https://curriculum.canterbury.ac.nz/cms/design/course/10517/view",,"[]","2026C2","$1,344.00","$6,488.00","False"
"PMGT603","Engineering","Degree Course","Not started","Managing Project Execution and Closeout","15","8","Pending",,"G2503","MPM,PGCertPMgt,PGDipPMgt","https://curriculum.canterbury.ac.nz/cms/design/course/10005/view",,"[]","2026C3","$1,198.00","$4,738.00","False"
"EPEC603","Engineering","Credited Short Course","On hold","Transition Toolkit","5","8","Accredited",,"G2510","MEM","https://curriculum.canterbury.ac.nz/cms/design/course/9632/view",,"MEM,PGDipEM","2026C2",,,"True"
,"Engineering","Degree Course","Inactive","Elective for MEM","15",,,,,"MEM",,,"[]",,,,"False"
"SSCI412","Health","Degree Course","Not started","Clinical Exercise Physiology Practicum","30","8","Accredited",,"H2413","PGDipCEP","https://curriculum.canterbury.ac.nz/cms/design/course/9376/view",,"[]","2026S2","$2,572.00","$11,325.00","False"
"COMS434","Arts","Degree Course","Not started","Mapping Meaning","15","8","Pending",,"A2504","MStratCom","https://curriculum.canterbury.ac.nz/cms/design/course/10132/view",,"[]","2027C1","$1,150.00","$4,775.00","False"
"PMGT604","Engineering","Degree Course","Design & build","Inclusive Leadership and Team Development","15","8","Pending",,"G2504","MPM,PGCertPMgt,PGDipPMgt","https://curriculum.canterbury.ac.nz/cms/design/course/10006/view","/:w:/r/sites/w-ProjMgt/Shared%20Documents/PMGT604%20Inclusive%20Leadership%20and%20Team%20Development/Course%20Documents/PMGT604_Course_Outline.docx?d=w4492f1fe92774f45837fca7c6bddd8fc&csf=1&web=1&e=MvnTwo","[]","2026C1","$1,198.00","$4,738.00","False"
"PMGT611","Engineering","Degree Course","Not started","Agile Project Management","15","8","Pending",,"G2507","MPM","https://curriculum.canterbury.ac.nz/cms/design/course/10519/view",,"[]","2026C3","$1,198.00","$4,738.00","False"
"COMS435","Arts","Degree Course","Design & build","Good Data and How to Use It","15","8","Pending","Daria Kuznetsova","A2505","MStratCom","https://curriculum.canterbury.ac.nz/cms/design/course/10133/view",,"[]","2027C2","$1,150.00","$4,775.00","False"
"EPEC604","Engineering","Credited Short Course","On hold","Transition Project","5","8","Accredited",,"G2511","MEM","https://curriculum.canterbury.ac.nz/cms/design/course/9633/view",,"MEM,PGDipEM","2026C3",,,"True"
"PMGT605","Engineering","Degree Course","Not started","Critical and Systems Thinking in the Age of AI","15","8","Pending",,"G2505","MPM,PGDipPMgt","https://curriculum.canterbury.ac.nz/cms/design/course/10007/view",,"[]","2026C4","$1,198.00","$4,738.00","False"
"SOWK615","Health","Degree Course","Not started","Social Work Principles and Skills","30","8","Accredited",,,"MSW (APP)/BSW(Hons)","https://curriculum.canterbury.ac.nz/cms/design/course/8559/view",,"[]","2027C1",,,"False"
"SOWK640","Health","Degree Course","Not started","Practice Research for Social Work","30","8","Accredited",,,"MSW (APP)/BSW(Hons)","https://curriculum.canterbury.ac.nz/cms/design/course/8581/view",,"[]","2027C1",,,"False"
"SOWK612","Health","Degree Course","Not started","Tino Rangatiratanga and Mana Motuhake in Practice","15","8","Accredited",,,"MSW (APP)/BSW(Hons)","https://curriculum.canterbury.ac.nz/cms/design/course/8556/view",,"[]","2027C3",,,"False"
"SOWK671","Health","Degree Course","Not started","Field Education 1","30","8","Accredited",,,"MSW (APP)/BSW(Hons)","https://curriculum.canterbury.ac.nz/cms/design/course/8588/view",,"[]","2027C3",,,"False"
"SOWK672","Health","Degree Course","Not started","Field Education 2","30","8","Accredited",,,"MSW (APP)/BSW(Hons)","https://curriculum.canterbury.ac.nz/cms/design/course/8589/view",,"[]","2027C3",,,"False"
"SOWK673","Health","Degree Course","Not started","Practice Research Integration","45","8","Accredited",,,"MSW (APP)/BSW(Hons)","https://curriculum.canterbury.ac.nz/cms/design/course/8590/view",,"[]",,,,"False"
"MKTG634","Business","Degree Course","Design & build","Consumer Insights","15","8","Accredited",,"B2506","MMktg (Online-to-campus - 60pt)","https://curriculum.canterbury.ac.nz/cms/design/course/9396/view",,"[]","2026C3","$1,198.00","$4,738.00","False"
"MKTG632","Business","Degree Course","Design & build","Marketing Analytics","15","8","Accredited",,"B2505","MMktg (Online-to-campus - 60pt)","https://curriculum.canterbury.ac.nz/cms/design/course/9401/view",,"[]","2026C2","$1,198.00","$4,738.00","False"
"MBUS601","Business","Degree Course","Not started","Marketing (601)","15","8","Accredited",,"B2504","MMktg (Online-to-campus - 60pt)","https://curriculum.canterbury.ac.nz/cms/design/course/11590/view",,"[]",,,,"False"
,"None","Non-Credited Course","Live","Facilitator Mentoring",,,"Not accredited",,,"[]",,,"[]","2024C4",,,"False"
"CRJU614","Law","Degree Course","Scoping","The Machinery of Justice: Systems, Structures, and Reform","15","8","Accredited",,,"PGCertCJ","https://curriculum.canterbury.ac.nz/cms/design/course/15403/view",,"[]","2027C1",,,"False"
"CRJU680","Law","Degree Course","Not started","Dissertation","60","8","Accredited",,"TBC","PGCertCJ","https://curriculum.canterbury.ac.nz/cms/design/course/2053/view",,"[]",,,,"False"
,"Health","Credited Short Course","Inactive","Understanding Child Behaviour: for Parents",,,"Not accredited",,"H2408","[]",,,"[]",,,,"False"
,"Health","Credited Short Course","Inactive","Understanding Child Behaviour: for Professionals",,,"Not accredited",,"H2409","[]",,,"[]",,,,"False"
"COMS436","Arts","Degree Course","Not started","Crisis Management in Strategic Communication","15","8","Pending",,"A2506","MStratCom","https://curriculum.canterbury.ac.nz/cms/design/course/10128/view",,"[]","2027C3",,,"False"
"COMS693","Arts","Degree Course","Not started","Strategic Communication Portfolio","45","8","Pending",,"A2507","MStratCom","https://curriculum.canterbury.ac.nz/cms/design/course/9621/view",,"[]","2027C4",,,"False"
"EMGT613","Engineering","Credited Short Course","Not started","Risk Communication and Reporting","5","8","Pending","Daniel van der Walt","B2503","[]","https://curriculum.canterbury.ac.nz/cms/design/course/10150/view",,"MEM,PGDipEM,MPM,PGDipPMgt,MSFI,PGDipSFI","2026C3","$448.00","$2,164.00","True"
,"None","Non-Credited Course","Live","Introducing UC Online: Building the future of learning together",,,"Not accredited",,"X2301","[]",,,"[]",,,,"False"
,"None","Non-Credited Course","Live","UC Online Essentials: Prestart course",,,"Not accredited",,"X2303","[]",,,"[]",,,,"False"
,"Business","Non-Credited Course","Discontinued","B2B Sales Fundamentals","0",,"Not accredited",,"X2202","[]",,,"[]","2022C4",,,"False"
"MCEN301","Engineering","Credited Short Course","Discontinued","Shifting Business to Net Zero","5","7","Accredited",,"G2201","[]","https://curriculum.canterbury.ac.nz/cms/design/course/6816/view",,"[]","2022C4",,,"False"
"HLOL401","Health","Credited Short Course","Discontinued","Understanding Child Behaviour","5","8","Not accredited",,"H2201","[]",,,"[]","2023C1",,,"False"
"ENMT665","Engineering","Credited Short Course","Inactive","Embedded Systems Software I","15",,"Accredited",,"G2408","[]","https://curriculum.canterbury.ac.nz/cms/design/course/4575/view",,"[]",,,,"False"
"ENMT672","Engineering","Credited Short Course","Inactive","Build your first board","5",,"Pending",,"G2407","[]","https://curriculum.canterbury.ac.nz/cms/design/course/4576/view",,"[]",,,,"False"
"ENFE607","Engineering","Credited Short Course","Inactive","Fire Dynamics","5","8","Pending",,"G2302","[]","https://curriculum.canterbury.ac.nz/cms/design/course/10016/view",,"[]","2026C3",,,"False"
,"None","Non-Credited Course","Discontinued","Starting a Business Over 50","0",,"Not accredited",,"X2302","[]",,,"[]","2023C4",,,"False"
"COSC446","Engineering","Degree Course","Live","Cybersecurity Fundamentals","15","8","Accredited","Ke He","G2406","PGCertCySec","https://curriculum.canterbury.ac.nz/cms/design/course/11155/view","/:b:/r/sites/w-EngMgmt/Shared%20Documents/General/Course%20Outline/COSC446%20Cybersecurity%20Fundamentals%20-%20Course%20information.pdf?csf=1&web=1&e=nXLWNH","MADS,PGDipADS,MEM,PGDipEM","2025C1","$1,247.00","$5,663.00","False"
"MBAD643","Business","Degree Course","Live","Leading Decisions and Change","10","8","Accredited","Ellie Norris","B2305","PGCertStratLdrship","https://curriculum.canterbury.ac.nz/cms/design/course/6691/view","/:b:/r/sites/w-DigiMktg/Shared%20Documents/General/Course%20Outline/MBAD643%20Leading%20decisions%20and%20change%20Course%20information.pdf?csf=1&web=1&e=ySyDIn","MSFI,PGDipSFI","2025C1","$798.00","$3,490.00","False"
"MKTG641","Business","Degree Course","Live","Digital Marketing Strategy","15","8","Accredited",,"B2404","PGCertDigiMktg","https://curriculum.canterbury.ac.nz/cms/design/course/10655/view","/:b:/r/sites/w-DigiMktg/Shared%20Documents/General/Course%20Outline/MKTG641%20Digital%20marketing%20strategy%20Course%20Outline.pdf?csf=1&web=1&e=tyciOo","[]","2025C2","$1,198.00","$4,738.00","False"
"COSC447","Engineering","Degree Course","Live","Computer Networks and Security","15","8","Accredited","Ke He","G2410","PGCertCySec","https://curriculum.canterbury.ac.nz/cms/design/course/11157/view","/:b:/r/sites/w-EngMgmt/Shared%20Documents/General/Course%20Outline/COSC447%20Computer%20Networks%20and%20Security%20-%20Course%20information.pdf?csf=1&web=1&e=mVglDO","MADS,PGDipADS,MEM,PGDipEM","2025C2","$1,247.00","$5,663.00","False"
"MKTG642","Business","Degree Course","Live","Content and Social Media Marketing","15","8","Accredited",,"B2406","PGCertDigiMktg","https://curriculum.canterbury.ac.nz/cms/design/course/10656/view","/:b:/r/sites/w-DigiMktg/Shared%20Documents/General/Course%20Outline/MKTG642%20Content%20and%20social%20media%20marketing%20Course%20information.pdf?csf=1&web=1&e=8G4vGq","[]","2025C3","$1,198.00","$4,738.00","False"
"MKTG643","Business","Degree Course","Live","Search Engine Success","15","8","Accredited",,"B2405","PGCertDigiMktg","https://curriculum.canterbury.ac.nz/cms/design/course/10657/view","/:b:/r/sites/w-DigiMktg/Shared%20Documents/General/Course%20Outline/MKTG643%20Search%20engine%20success%20Course%20information.pdf?csf=1&web=1&e=HwJecX","[]","2025C4","$1,198.00","$4,738.00","False"
"EMGT680","Engineering","Degree Course","Not started","Engineering Management Project","45","9","Accredited",,"G2414","MEM","https://curriculum.canterbury.ac.nz/cms/design/course/10518/view",,"[]","2026C4","$4,033.00","$19,463.00","False"
,"None","Accelerated Learning","Live","Leadership for Performance","0",,"Not accredited",,"B2408","[]",,"/:b:/r/sites/w-Shortcoursedevt/Shared%20Documents/General/Course%20Outline/Leadership%20for%20Performance%20Course%20Outline.pdf?csf=1&web=1&e=Z7CJff","[]","2025C1A","$395.00","$821.00","False"
"Short course","Business","Accelerated Learning","Design & build","AI for Digital Marketers","0",,"Not accredited",,"B2507","[]",,,"[]","2026C1A","$395.00","$821.00","False"
"Short courses","Business","Accelerated Learning","Design & build","Social Media Marketing Essentials","0",,"Not accredited",,"B2509","[]",,,"[]","2026C1A",,,"False"
"Short course","Business","Accelerated Learning","Design & build","SEO Essentials","0",,"Not accredited",,"B2508","[]",,,"[]","2026C1A",,,"False"
,"Professional Development","Accelerated Learning","Design & build","Applied Economics and Management for Regulated Industries","0",,"Not accredited",,"B2510","[]",,,"[]","2026C2",,,"False"
"Short course","None","Non-Credited Course","On hold","Advanced Leadership","0",,"Not accredited",,"X2509","[]",,,"[]","2026C2",,,"False"
"EDME416","Education","Degree Course","Design & build","Essentials of English Language Teaching","15","8","Accredited",,"E2506","PGCertTESOL","https://curriculum.canterbury.ac.nz/cms/design/course/11326/view",,"[]","2026C2","$1,150.00","$4,775.00","False"
"EDME426","Education","Degree Course","Not started","Effective English Language Teaching","15","8","Accredited",,"E2507","PGCertTESOL","https://curriculum.canterbury.ac.nz/cms/design/course/11322/view",,"[]","2026C3","$1,150.00","$4,775.00","False"
"PACE490","None","Degree Course","Not started","Professional and Community Engagement Internship","15","8","Accredited",,"G2512","MEM (Intl)","https://curriculum.canterbury.ac.nz/cms/design/course/11425/view",,"[]","2026C3","$1,150.00","$4,775.00","False"
"PMGT606","Engineering","Degree Course","Not started","Strategic Project Management and Business Alignment","15","8","Accredited",,"G2529","MPM,PGDipPMgt","https://curriculum.canterbury.ac.nz/cms/design/course/10008/view",,"[]","2027C1",,,"False"
"COMS437","Arts","Degree Course","Not started","Professional Pathways in Strategic Communication","15","8","Accredited",,"A2510","MStratCom","https://curriculum.canterbury.ac.nz/cms/design/course/10131/view",,"[]","2027C4",,,"False"
"ENGR400","Engineering","Degree Course","Scoping","English Language Support for International Learners","0",,"Not accredited","Lulu Barry","G2513","MEM (Intl)","https://curriculum.canterbury.ac.nz/cms/design/course/15413/view",,"[]","2026C1","$0.00","$0.00","False"
"SPRT107","Health","Degree Course","Design & build","Sport Nutrition","15","5","Accredited","Brad Hurren","H2501","BHlth","https://curriculum.canterbury.ac.nz/cms/design/course/11230/view",,"[]","2026C1","$1,099.00","$5,388.00","False"
"PSYC105","Science","Degree Course","Scoping","Introductory Psychology - Brain, Behaviour and Cognition","15","5","Accredited",,"S2501","BHlth","https://curriculum.canterbury.ac.nz/cms/design/course/8025/view",,"[]","2026C2","$1,058.00","$5,388.00","False"
"HLTH105","Health","Degree Course","Design & build","Communication for Practice","15","5","Accredited",,"H2502","BHlth","https://curriculum.canterbury.ac.nz/cms/design/course/9544/view",,"[]","2026C3","$948.00","$4,263.00","False"
"HLTH106","Health","Degree Course","Design & build","Te Wero - Maori Health Issues and Opportunities","15","5","Accredited",,"H2503","BHlth","https://curriculum.canterbury.ac.nz/cms/design/course/5773/view",,"[]","2026C2","$948.00","$4,263.00","False"
"BCHM111","Science","Degree Course","Not started"," Cellular Biology and Biochemistry","15","5","Accredited",,"S2502","BHlth","https://curriculum.canterbury.ac.nz/cms/design/course/1153/view",,"[]","2026C3","$1,099.00","$5,388.00","False"
"HLTH112","Health","Degree Course","Not started","Anatomy & Physiology I","15","5","Accredited",,"H2504","BHlth","https://curriculum.canterbury.ac.nz/cms/design/course/9540/view",,"[]","2026C4","$1,099.00","$5,388.00","False"
"PACS111","Arts","Degree Course","Not started","Pacific Peoples and Societies","15","5","Accredited",,"A2511","BHlth,BA","https://curriculum.canterbury.ac.nz/cms/design/course/11452/view",,"[]","2026C3",,,"False"
"SUST401","Arts","Degree Course","Design & build","Innovative Perspectives for Next Generation Sustainable Transformations","15","8","Accredited",,"A2512","MSFI","https://curriculum.canterbury.ac.nz/cms/design/course/10421/view",,"[]","2026C2","$1,286.00","$5,663.00","False"
"SUST402","Arts","Degree Course","Not started","Disruptive Practices for Regenerative Futures","15","8","Accredited",,"A2513","MSFI","https://curriculum.canterbury.ac.nz/cms/design/course/10533/view",,"[]","2026C3","$1,286.00","$5,663.00","False"
"SUST403","Arts","Degree Course","Not started","Catalysing Impact: Research Strategy and Design","15","8","Accredited",,"A2514","MSFI","https://curriculum.canterbury.ac.nz/cms/design/course/10534/view",,"[]","2026C4","$1,286.00","$5,663.00","False"
"EPEC605","Engineering","Degree Course","On hold"," Sustainable Transition in Action","15","8","Accredited",,"G2514","MEM,PGDipEM","https://curriculum.canterbury.ac.nz/cms/design/course/10966/view",,"MSFI,PGDipSFI","2026C2",,,"False"
"HLTH101","Health","Degree Course","Scoping","Introduction to Health Studies","15","5","Accredited",,"H2505","BHlth","https://curriculum.canterbury.ac.nz/cms/design/course/10859/view",,"[]","2027C1",,,"False"
"SPRT229","Health","Degree Course","Not started","Sport Psychology","15","6","Accredited",,"H2506","BHlth","https://curriculum.canterbury.ac.nz/cms/design/course/8698/view",,"[]","2027C4",,,"False"
"HLTH207","Health","Degree Course","Not started","Nutrition & Exercise Prescription","15","6","Not accredited",,"H2507","BHlth",,,"[]","2027C4",,,"False"
"HLTH223","Health","Degree Course","Not started","Physical Activity and Nutrition","15","6","Accredited",,"H2508","BHlth","https://curriculum.canterbury.ac.nz/cms/design/course/9538/view",,"[]","2027C2",,,"False"
"HLTH203","Health","Degree Course","Not started","Epidemiology","15","6","Accredited",,"H2509","BHlth","https://curriculum.canterbury.ac.nz/cms/design/course/5778/view",,"[]","2027C3",,,"False"
"HLTH113","Health","Degree Course","Not started","Anatomy & Physiology II","15","5","Accredited",,"H2510","BHlth","https://curriculum.canterbury.ac.nz/cms/design/course/9539/view",,"[]","2027C2",,,"False"
"SPRT209","Health","Degree Course","Not started","Exercise Physiology","15","6","Accredited",,"H2511","BHlth","https://curriculum.canterbury.ac.nz/cms/design/course/10817/view",,"[]","2027C1",,,"False"
"PSYC106","Science","Degree Course","Scoping","Introductory Psychology - Social, Personality and Developmental","15","5","Accredited",,"S2503","BHlth","https://curriculum.canterbury.ac.nz/cms/design/course/8026/view",,"[]","2026C4","$1,058.00","$5,388.00","False"
"LING101","Arts","Distance","Design & build","How Language Works","15","5","Accredited",,"A2515","BA","https://curriculum.canterbury.ac.nz/cms/design/course/6378/view",,"[]","2026S1",,,"False"
"ARTS102","Arts","Degree Course","On hold","Problems, Questions, Evidence","15","5","Accredited",,"A2516","BA","https://curriculum.canterbury.ac.nz/cms/design/course/1093/view",,"[]","2026C3",,,"False"
"CRJU150","Law","Degree Course","Design & build","Legal Method in the Criminal Justice Context","15","5","Accredited",,"L2502","BCJ","https://curriculum.canterbury.ac.nz/cms/design/course/2029/view",,"[]","2026C3","$1,003.00","$5,038.00","False"
"HSRV103","Arts","Degree Course","Not started","Violence in Society","15","5","Accredited",,"A2517","BCJ","https://curriculum.canterbury.ac.nz/cms/design/course/5868/view",,"BA","2026C4","$948.00","$4,263.00","False"
"HLTH213","Health","Degree Course","Not started","Health Systems and Policy","15","6","Accredited",,"H2512","BHlth","https://curriculum.canterbury.ac.nz/cms/design/course/5779/view",,"[]","2027C3",,,"False"
"HSRV104","Arts","Degree Course","Design & build","Youth Realities","15","5","Accredited",,"A2518","BCJ","https://curriculum.canterbury.ac.nz/cms/design/course/5869/view",,"BA","2026C3","$948.00","$4,263.00","False"
"PACS211","Arts","Degree Course","Not started","The Transnational Pacific","15","6","Accredited",,"A2519","BA","https://curriculum.canterbury.ac.nz/cms/design/course/11454/view",,"BHlth","2026C4","$948.00","$4,263.00","False"
,"None","Non-Credited Course","Live","Project Management Professional (PMP®) Exam Preparation Training","0",,"Not accredited","Lisa Jones","X2505","[]",,,"[]","2025C4",,,"False"
"HLTH610","Health","Degree Course","Not started","Navigating the Art of Professional Supervision","30","8","Pending",,"H2513","PGCertProfSup","https://curriculum.canterbury.ac.nz/cms/design/course/10124/view",,"[]","2026C3","$2,494.00","$11,325.00","False"
"HLTH611","Health","Degree Course","Not started","Shaping Futures: Advanced Supervisory Practices","30","8","Pending",,"H2514","PGCertProfSup","https://curriculum.canterbury.ac.nz/cms/design/course/10648/view",,"[]","2027C1",,,"False"
"MKTG631","Business","Degree Course","Design & build","Marketing","15","8","Accredited",,"B2511","MMktg (Online-to-campus - 60pt)","https://curriculum.canterbury.ac.nz/cms/design/course/11015/view",,"[]","2026C1","$1,198.00","$4,738.00","False"
"PMGT612","Engineering","Degree Course","Not started","Advanced Agile Project Management","15","8","Pending",,"TBC","MPM: Agile","https://curriculum.canterbury.ac.nz/cms/design/course/10520/view",,"[]","2027C1",,,"False"
"SSCI404","Health","Degree Course","Not started","Advanced Internship for Sport Science","30","8",,,"TBC","PGDipCEP",,,"PGDipCEP","2027C1",,,"False"
"CRJU613","Law","Degree Course","Design & build"," People and justice: Contemporary challenges and perspectives","15","9","Pending",,"TBC","PGCertCJ","https://curriculum.canterbury.ac.nz/cms/design/course/15402/view",,"[]","2026C3",,,"False"
"COMS438","Arts","Degree Course","Not started","Leadership Communication for Workplace Engagement","15","8","Accredited",,"TBC","MStratCom","https://curriculum.canterbury.ac.nz/cms/design/course/10539/view",,"[]","2028C1",,,"False"
"CRJU201","Law","Degree Course","Not started","Crime and Justice","15","6","Accredited",,"TBC","BCJ","https://curriculum.canterbury.ac.nz/cms/design/course/2031/view",,"[]","2027C1",,,"False"
"TBC","Engineering","Degree Course","Not started","Elective for MEM","15",,,,"TBC","MEM",,,"[]","2026C3",,,"False"
"CRJU160","Law","Degree Course","Not started","Legal Issues in the New Zealand Criminal Justice System","15","5","Accredited",,"TBC","BCJ","https://curriculum.canterbury.ac.nz/cms/design/course/2030/view",,"[]","2027C1",,,"False"
"TBC","Education","Degree Course","Not started","Master of AI in Education course - Course 1","15",,,,"TBC","MAIEd",,,"[]","2026C3",,,"False"
"TBC","Education","Degree Course","Not started","Master of AI in Education course - Course 2","15",,,,"TBC","MAIEd",,,"[]","2026C4",,,"False"
"TBC","Education","Degree Course","Not started","Master of AI in Education course - Course 3","15",,,,"TBC","MAIEd",,,"[]","2027C1",,,"False"
"TBC","Education","Degree Course","Not started","Master of AI in Education course - Course 4","15",,,,"TBC","MAIEd",,,"[]","2027C2",,,"False"
"TBC","Education","Degree Course","Not started","Master of AI in Education course - Course 5","15",,,,"TBC","MAIEd",,,"[]","2027C3",,,"False"
"TBC","Education","Degree Course","Not started","Master of AI in Education course - Course 6","15",,,,"TBC","MAIEd",,,"[]","2027C4",,,"False"
"TBC",,"Degree Course",,"Master of Technology Mgmt - Course 1","15",,,,"TBC","METM",,,"[]",,,,"False"
"TBC",,"Degree Course",,"Master of Technology Mgmt - Course 2","15",,,,"TBC","METM",,,"[]","2027C1",,,"False"
"TBC",,"Degree Course",,"Master of Technology Mgmt - Course 3","15",,,,"TBC","METM",,,"[]","2027C2",,,"False"
"TBC",,"Degree Course",,"Master of Technology Mgmt - Course 4","15",,,,"TBC","METM",,,"[]","2027C3",,,"False"
"TBC",,"Degree Course",,"Master of Technology Mgmt - Course 5","15",,,,"TBC","METM",,,"[]","2027C4",,,"False"
"MBAS601","Business","Degree Course","Not started","Financial Literacy and Strategic Decision Making","15","8","Pending",,"TBC","MBAS: (MBA Specialisations)","https://curriculum.canterbury.ac.nz/cms/design/course/15375",,"[]","2026C3",,,"False"
"MBAS602","Business","Degree Course","Not started","Consumer Insight, Marketing and Business Intelligence","15","8","Pending",,"TBC","MBAS: (MBA Specialisations)","https://curriculum.canterbury.ac.nz/cms/design/course/15376/",,"[]","2026C4",,,"False"
"MBAS604","Business","Degree Course","Not started","Strategy, Innovation and Operational Agility","15","8","Pending",,"TBC","MBAS: (MBA Specialisations)","https://curriculum.canterbury.ac.nz/cms/design/course/15378/",,"[]","2027C1",,,"False"
"MBAS605","Business","Degree Course","Not started","Economics, Law and Public Policy in Practice","15","8","Pending",,"TBC","MBAS: (MBA Specialisations)","https://curriculum.canterbury.ac.nz/cms/design/course/15379/",,"[]","2027C2","$395.00","$821.00","False"
"MBAS606","Business","Degree Course","Not started","Leading Self and Empowering Others","15","8","Pending",,"TBC","MBAS: (MBA Specialisations)","https://curriculum.canterbury.ac.nz/cms/design/course/15380/",,"[]","2027C3",,,"False"
"MBAS607","Business","Degree Course","Not started","Business Agility and Sustainability","10","9","Pending",,"TBC","MBAS: (MBA Specialisations)","https://curriculum.canterbury.ac.nz/cms/design/course/15506",,"[]","2027C4",,,"False"
"HLTH430","Health","Degree Course","Not started","Motivating Behaviour Change","30",,,,"H2515","MBAS: (MBA Specialisations)",,,"PGDipCEP","2026S2",,,"False"
,,"Degree Course","Not started","PG Cert in Gaming course - Course 1","15",,,,"TBC","[]",,,"[]","2026C3",,,"False"
,,"Degree Course","Not started","PG Cert in Gaming course - Course 2","15",,,,"TBC","[]",,,"[]","2026C4",,,"False"
"PMGT608","Engineering","Degree Course","Not started","Practical Inquiry","15","8","Accredited",,"TBC","MPM","https://curriculum.canterbury.ac.nz/cms/design/course/10011/view",,"[]","2027C3",,,"False"
"TBC",,"Degree Course","Not started","Psychology Assistant course - Course 1","15",,,,"TBC","PGDipPsychAssist",,,"[]","2026C3",,,"False"
"TBC",,"Degree Course","Not started","Psychology Assistant course - Course 2","15",,,,"TBC","[]",,,"[]","2026C3",,,"False"
"CRJU611","Law","Degree Course","Design & build","Qualitative Research Methods","15","9","Pending",,"TBC","PGCertCJ","https://curriculum.canterbury.ac.nz/cms/design/course/9904/view",,"[]","2026C4",,,"False"
"PMGT609","Engineering","Degree Course","Not started","Research Methods","15","9","Accredited",,"TBC","MPM","https://curriculum.canterbury.ac.nz/cms/design/course/10018/view",,"[]","2027C3",,,"False"
"ENCI601","Engineering","Distance","Inactive","Risk Management for Engineering","5","9",,,"TBC","[]","https://curriculum.canterbury.ac.nz/cms/design/course/3771/view",,"[]",,,,"False"
"SCIE101","Science","Distance","Inactive","Science, Society and Me",,,,,"TBC","[]",,,"[]",,,,"False"
"ENFE608","Engineering","Credited Short Course","Inactive","Structural Fire Design","5","8","Pending",,"TBC","[]","https://curriculum.canterbury.ac.nz/cms/design/course/10017/view",,"[]","2026C2",,,"False"
"PMGT679 and 680","Engineering","Degree Course","Not started","Work-based OR Research Project",,,,,"TBC","MPM",,,"[]","2027C4",,,"False"
"Short course","Professional Development","Non-Credited Course","On hold","Systems Thinking","0",,,,"TBC","[]",,,"[]","2026C2",,,"False"
"MBIS623","Business","Degree Course","Live","Data Management","15","8","Accredited","Richard Derham","G2304","MADS,PGDipADS","https://curriculum.canterbury.ac.nz/cms/design/course/6772/view",,"[]","2024C4","$1,198.00","$4,738.00","False"
"PMGT351","Engineering","Degree Course","Not started","Core Concepts in Project Management (UG)","5","7","Accredited",,"G2515","[]","https://curriculum.canterbury.ac.nz/cms/design/course/10793/view",,"[]","2026C1",,,"False"
"APAI601","Engineering","Degree Course","Not started","Foundations of Artificial Intelligence","15","8","Pending",,"G2516","MAAI","https://curriculum.canterbury.ac.nz/cms/design/course/16202/view",,"[]","2026C3",,,"False"
"APAI602","Engineering","Degree Course","Not started","AI in Practice: Applications and Case Studies","15","8","Not accredited",,"G2517","MAAI","https://curriculum.canterbury.ac.nz/cms/design/course/16215/view?closeTab=true",,"[]","2027C1",,,"False"
"APAI603","Engineering","Degree Course","Not started","Contemporary Issues in AI","5","8","Pending",,"G2518","MAAI","https://curriculum.canterbury.ac.nz/cms/design/course/16213/view",,"[]","2027C3",,,"False"
"APAI604","Engineering","Degree Course","Not started","APAI604","15","8","Pending",,"G2519","MAAI","https://curriculum.canterbury.ac.nz/cms/design/course/16215/view",,"[]",,,,"False"
"APAI679","Engineering","Degree Course","Not started","Applied AI Capstone Project","45","9","Pending",,"G2520","MAAI","https://curriculum.canterbury.ac.nz/cms/design/course/16336",,"[]","2028C3",,,"False"
"APAI605","Engineering","Degree Course","Not started","APAI605","15","8","Pending",,"G2521","MAAI","https://curriculum.canterbury.ac.nz/cms/design/course/16221/view",,"[]",,,,"False"
"PHIL425","Engineering","Degree Course","Not started","Ethics of Artificial Intelligence","15","8","Accredited",,"G2522","MAAI","https://curriculum.canterbury.ac.nz/cms/design/course/7615/view",,"[]",,,,"False"
"APAI621","Engineering","Degree Course","Not started","Endorsement (TBC)","15","8","Not accredited",,"G2523","MAAI",,,"[]",,,,"False"
"APAI622","Engineering","Degree Course","Not started","Endorsement 2 (TBC)","15","8","Not accredited",,"G2524","MAAI",,,"[]",,,,"False"
"APAI620","Engineering","Degree Course","Not started"," AI Research in Practice: Quantitative and Qualitative Approaches to Applied AI Research","15","8","Pending",,"G2525","MAAI","https://curriculum.canterbury.ac.nz/cms/design/course/16224/view",,"[]","2028C3",,,"False"
"APAI680","Engineering","Degree Course","Not started","Applied AI Research Project","45","9","Pending",,"G2526","MAAI","https://curriculum.canterbury.ac.nz/cms/design/course/16279",,"[]","2028C4",,,"False"
"EMGT612","Engineering","Credited Short Course","Design & build","Risk Management Tools","5","8",,"Daniel van der Walt","B2501","MEM",,,"[]","2026C1","$448.00","$2,163.00","True"
"APAI677","Engineering","Degree Course","Not started","Applied AI Project Design","15","8",,,"G2527","MAAI,PGDipAAI,PGCertAAI","https://curriculum.canterbury.ac.nz/cms/design/course/16216",,"[]","2027C2",,,"False"
"APAI678","Engineering","Degree Course","Not started","Applied AI Project","15","8",,,"G2528","MAAI,PGDipAAI","https://curriculum.canterbury.ac.nz/cms/design/course/16222",,"[]","2028C2",,,"False"
"LLAW606","Law","Degree Course","Not started","Law for AI Professionals","5","8",,,"L2503","MAAI,PGDipAAI,PGCertAAI","https://curriculum.canterbury.ac.nz/cms/design/course/16280",,"[]","2026C4",,,"False"
"LLAW607","Law","Degree Course","Not started","Legal, Regulatory, and Policy Considerations Around AI Technologies","15","8",,,"L2504","MAAI,PGDipAAI","https://curriculum.canterbury.ac.nz/cms/design/course/16275",,"[]","2027C1",,,"False"
"Short course","None",,"Scoping","PWC - AI for Business Leaders",,,,,,"[]",,,"[]",,,,"False"
,"None","Accelerated Learning","Scoping","Learning Design for Air NZ",,,,,,"[]",,,"[]","2026C2",,,"False"
"Short course","Professional Development","Non-Credited Course","Scoping","Bicultural Competence",,,,,,"[]",,,"[]",,,,"False"
,"Law","Credited Short Course","Scoping","Corrections short courses",,,,,,"[]",,,"[]",,,,"False"
"UCx+CWI01ucX","Education","EdX","Live","A Better Start to Reading",,,,,"E2001","[]",,,"[]",,,,"False"
"UCx+STA02.2ucX","Engineering","EdX",,"Advanced Bayesian Statistics Using R",,,,,"G2101","[]",,,"[]",,,,"False"
"UCx+STA01.2ucX","Engineering","EdX",,"Advanced Statistical Inference and Modelling Using R",,,,,"G2001","[]",,,"[]",,,,"False"
"UCx+ANT01.1ucX","Science","EdX",,"Antarctica in a Changing Climate",,,,,"S2101","[]",,,"[]",,,,"False"
"UCx+STA01.1ucX","Engineering","EdX",,"Basics of Statistical Inference and Modelling Using R",,,,,"G2002","[]",,,"[]",,,,"False"
"UCx+GEO01ucX","Science","EdX",,"Exploring Volcanoes and Their Hazards: Iceland and New Zealand",,,,,"S2001","[]",,,"[]",,,,"False"
"UCx+GEO02ucx","Science","EdX",,"Foundational Field Skills for Earth and Environmental Sciences",,,,,"S2102","[]",,,"[]",,,,"False"
"UCx+STA02.1ucX","Engineering","EdX",,"Introduction to Bayesian Statistics Using R",,,,,"G2102","[]",,,"[]",,,,"False"
"UCx+HRI01.1ucX","Engineering","EdX",,"Introduction to Human-Robot Interaction",,,,,"G2103","[]",,,"[]",,,,"False"
"UCx+PSY02.4ucX","Science","EdX",,"Leadership for Contemporary Organizations",,,,,"S2205","EdXOrgPsyc",,,"[]",,,,"False"
"UCx+PSY01ucX","Science","EdX",,"Mental Health and Nutrition",,,,,"S2002","[]",,,"[]",,,,"False"
"UCx+HRI01.2ucX","Engineering","EdX",,"Methods and Application in Human-Robot Interaction",,,,,"G2104","[]",,,"[]",,,,"False"
"UCx+PSY02.6ucX","Science","EdX",,"Organizational Change & Innovation",,,,,"S2206","[]",,,"[]",,,,"False"
"UCx+PSY02.3ucX","Science","EdX",,"Performance and Motivation at Work",,,,,"S2103","[]",,,"[]",,,,"False"
"UCx+PSY02.1ucX","Science","EdX",,"Recruiting and Selecting the Right Person",,,,,"S2207","[]",,,"[]",,,,"False"
"UCx+MBA01ucX","Business","EdX",,"Smart Cities",,,,,"B2101","[]",,,"[]",,,,"False"
"UCx+PSY02.5ucX","Science","EdX",,"Supporting Employee Wellbeing",,,,,"S2208","[]",,,"[]",,,,"False"
"UCx+TCT01.ucX","Engineering","EdX",,"Teaching Computational Thinking",,,,,"G2105","[]",,,"[]",,,,"False"
"UCx+LNG01.1ucx","Engineering","EdX",,"Text Analytics 1: Introduction to Natural Language Processing",,,,,"G2003","[]",,,"[]",,,,"False"
"UCx+LNG01.2ucx","Engineering","EdX",,"Text Analytics 2: Visualizing Natural Language Processing",,,,,"G2004","[]",,,"[]",,,,"False"
"UCx+GEO04.2ucX","Science","EdX",,"Volcanic Hazards",,,,,"S2209","[]",,,"[]",,,,"False"
"UCx+GEO03.1ucX","Science","EdX",,"Volcanology Field Science and Society",,,,,"S2210","[]",,,"[]",,,,"False"
"MKTG643","Business","Degree Course",,,,,,"Sussie Morrish",,"[]",,,"[]",,,,"False"
"MBAS620","Business","Degree Course","Not started","Applied Research Methods","5","9","Pending",,"TBC","MBAS: (MBA Specialisations)","https://curriculum.canterbury.ac.nz/cms/design/course/15743/",,"[]","2027C4",,,"False"
"MBAS608","Business","Degree Course","Not started","Treaty Partnership: Strategy, Leadership, and Responsibility","15","8","Pending",,"TBC","MBAS: (MBA Specialisations)","https://curriculum.canterbury.ac.nz/cms/design/course/15508/",,"[]","2028C1",,,"False"
"CRJU612","Law","Degree Course","Scoping","Justice by the Numbers: Quantitative Methods in Criminal Justice","15","9",,"Jayson Ware",,"PGCertCJ","https://curriculum.canterbury.ac.nz/cms/design/course/9905/view",,"[]","2027C2",,,"False"
,"Science","Degree Course","Not started"," Psychology Assistant course - Course 3",,,,,"TBC","PGDipPsychAssist",,,"[]","2026C3",,,"False"
,"Science",,"Not started"," Psychology Assistant course - Course 4",,,,,"TBC","PGDipPsychAssist",,,"[]","2026C3",,,"False"
"PHIL425","Arts","Degree Course","Not started","Ethics of Artificial Intelligence","15","8","Accredited",,"PHIL425","MAAI,PGDipAAI,PGCertAAI","https://curriculum.canterbury.ac.nz/cms/design/course/11307/view",,"[]","2027C4",,,"False"
"TBC","None","Degree Course","Not started","PG Cert TESOL - course 3","30",,,,,"PGCertTESOL",,,"[]","2026C3",,,"False"
